nuts2_id,nuts2_name,total_area_km2,screening_forest_area_ha,screening_forest_carbon_stock_mtco2e,screening_best_scenario_benefit_tco2e,screening_best_scenario_value_eur_per_ha_land,screening_priority_score_share_based,empirical_forest_area_ha,empirical_forest_carbon_stock_mtco2e,empirical_best_scenario_label,empirical_best_scenario_benefit_tco2e,empirical_best_scenario_value_eur,forest_area_difference_ha,forest_carbon_difference_mtco2e,best_scenario_benefit_difference_tco2e,empirical_best_scenario_value_eur_per_ha_land
SE12,Östra Mellansverige,20820.0,5851957.174392936,1017.7832965415746,168934.56953642383,8.114052331240337,2.633480596522701,2423000.0,533.5,Material Cascade,105146.78397007321,10514678.397007322,-3428957.174392936,-484.2832965415746,-63787.78556635062,5.050277808360866
SE21,Småland med öarna,20820.0,5019486.975717439,872.9985283296542,144902.78145695364,6.959787774109206,1.937521398858713,2217500.0,487.66666666666663,Material Cascade,94407.25988015742,9440725.988015741,-2801986.9757174393,-385.33186166298754,-50495.52157679622,4.534450522582008
SE22,Sydsverige,20781.0,6160279.470198675,1071.4072847682119,177835.23178807946,8.557587786347119,2.923768327907784,634200.0,159.5,Material Cascade,33824.612933393655,3382461.2933393656,-5526079.470198675,-911.9072847682119,-144010.6188546858,1.6276701281648456
SE31,Norra Mellansverige,13163.0,3473250.6622516555,604.0742273730684,100265.96026490067,7.61725748422857,1.4673237350731756,3498500.0,632.5,Material Cascade,121200.20782099618,12120020.782099618,25249.337748344522,28.425772626931575,20934.247556095506,9.207643228822926
SE32,Mellersta Norrland,13163.0,3371504.304635762,586.3783112582781,97328.7417218543,7.39411545406475,1.3826145575823867,4391200.0,847.0,Material Cascade,149180.22929583443,14918022.929583443,1019695.6953642382,260.62168874172187,51851.487573980135,11.333300106042273
SE33,Övre Norrland,13131.0,4057521.4128035316,705.6916850625458,117132.71523178807,8.92031949065479,2.0073930168989915,7151100.0,1092.6666666666665,Material Cascade,159556.6485400563,15955664.854005631,3093578.5871964684,386.97498160412067,42423.93330826824,12.151142223749623
